,average_precision,roc_auc,precision,recall,f1_score,confusion_matrix,threshold_analysis,best_params,cv_best_score
logistic_regression,0.634902925255725,0.6837405400024974,0.5252925730780601,0.9906535926278163,0.6865454545454546,"{'tn': 6582, 'fp': 27299, 'fn': 285, 'tp': 30208}","{'threshold': 0.43894472361809045, 'cost': 29579.0, 'precision': 0.5252925730780601, 'recall': 0.9906535926278163, 'f1': 0.6865454545454546, 'tn': 6582, 'fp': 27299, 'fn': 285, 'tp': 30208}","{'model__C': 5.0, 'model__penalty': 'l1'}",0.9745142537464029
random_forest,0.5650907367388052,0.6484771152960175,0.49318443360293046,0.9978683632309054,0.6601149799327476,"{'tn': 2612, 'fp': 31269, 'fn': 65, 'tp': 30428}","{'threshold': 0.827889447236181, 'cost': 31789.0, 'precision': 0.49318443360293046, 'recall': 0.9978683632309054, 'f1': 0.6601149799327476, 'tn': 2612, 'fp': 31269, 'fn': 65, 'tp': 30428}","{'model__max_depth': None, 'model__min_samples_leaf': 1}",0.9999953645187339
xgboost,0.6325806837063812,0.7132109389601893,0.48818569459138855,0.9987210179385433,0.6558061911170928,"{'tn': 1953, 'fp': 31928, 'fn': 39, 'tp': 30454}","{'threshold': 0.1902010050251256, 'cost': 32240.0, 'precision': 0.48818569459138855, 'recall': 0.9987210179385433, 'f1': 0.6558061911170928, 'tn': 1953, 'fp': 31928, 'fn': 39, 'tp': 30454}","{'model__learning_rate': 0.1, 'model__max_depth': 6, 'model__min_child_weight': 1}",0.9999996367291185
